 show databases;
+--------------------+
| Database           |
+--------------------+
| empdb              |
| information_schema |
| login              |
| mysql              |
| performance_schema |
| sakila             |
| student            |
| sys                |
+--------------------+
8 rows in set (0.00 sec)

mysql> use student;
Database changed
mysql> select*
    -> from student;
+-------+-------+---------------+---------+
| sname | sroll | sgmail        | sphnum  |
+-------+-------+---------------+---------+
| sree  |   234 | gsdfsdfdsgfdg | 4356453 |
+-------+-------+---------------+---------+
1 row in set (0.00 sec)

mysql> insert into student values('keerthana',234,'keerthana@gmail.com',53463267);
Query OK, 1 row affected (0.05 sec)

mysql> insert into student values('vaishu',3434,'vaishu@gmail.com',467868);
Query OK, 1 row affected (0.01 sec)

mysql> insert into student values('Harini',5645,'Harini@gmail.com',655432);
Query OK, 1 row affected (0.05 sec)

mysql> select* from student;
+-----------+-------+---------------------+----------+
| sname     | sroll | sgmail              | sphnum   |
+-----------+-------+---------------------+----------+
| sree      |   234 | gsdfsdfdsgfdg       |  4356453 |
| keerthana |   234 | keerthana@gmail.com | 53463267 |
| vaishu    |  3434 | vaishu@gmail.com    |   467868 |
| Harini    |  5645 | Harini@gmail.com    |   655432 |
+-----------+-------+---------------------+----------+
4 rows in set (0.00 sec)

mysql> create database Employees;
Query OK, 1 row affected (0.01 sec)
mysql> show databases;
+--------------------+
| Database           |
+--------------------+
| empdb              |
| employees          |
| information_schema |
| login              |
| mysql              |
| performance_schema |
| sakila             |
| student            |
| sys                |
+--------------------+
9 rows in set (0.00 sec)

mysql> use employees;
Database changed
mysql> create table employee(
    -> empid int,
    -> name varchar(50),
    -> dept varchar(50),
    -> salary int,
    -> joindate DATA
    -> );
mysql> create table employee(
    -> empid int primary key,
    -> name varchar(50),
    -> empid int,
    -> empid int,
    -> );
mysql> create table employee(
    -> empid int primary key,
    -> name varchar(50),
    -> dept varchar(50),
    -> salary int,
    -> joindate date
    -> );
Query OK, 0 rows affected (0.08 sec)

mysql> show tables;
+---------------------+
| Tables_in_employees |
+---------------------+
| employee            |
+---------------------+
1 row in set (0.02 sec)

mysql> desc employee;
+----------+-------------+------+-----+---------+-------+
| Field    | Type        | Null | Key | Default | Extra |
+----------+-------------+------+-----+---------+-------+
| empid    | int         | NO   | PRI | NULL    |       |
| name     | varchar(50) | YES  |     | NULL    |       |
| dept     | varchar(50) | YES  |     | NULL    |       |
| salary   | int         | YES  |     | NULL    |       |
| joindate | date        | YES  |     | NULL    |       |
+----------+-------------+------+-----+---------+-------+
5 rows in set (0.04 sec)
mysql> insert into employee values(1, 'alam freed','finance',30000,'2023-02-20');
Query OK, 1 row affected (0.04 sec)

mysql> insert into employee values(2, 'kathir','finance',40000,'2023-07-30');
Query OK, 1 row affected (0.01 sec)

mysql> insert into employee values(3, 'praveena','deveplor',80000,'2023-09-23');
Query OK, 1 row affected (0.01 sec)

mysql> insert into employee values(4, 'prakash','deveplor',120000,'2023-03-14');
Query OK, 1 row affected (0.04 sec)



mysql> select* from employee;
+-------+------------+----------+--------+------------+
| empid | name       | dept     | salary | joindate   |
+-------+------------+----------+--------+------------+
|     1 | alam freed | finance  |  30000 | 2023-02-20 |
|     2 | kathir     | finance  |  40000 | 2023-07-30 |
|     3 | praveena   | deveplor |  80000 | 2023-09-23 |
|     4 | prakash    | deveplor | 120000 | 2023-03-14 |
+-------+------------+----------+--------+------------+
6 rows in set (0.00 sec)


mysql> select *from employee where dept ='finance';
+-------+------------+---------+--------+------------+
| empid | name       | dept    | salary | joindate   |
+-------+------------+---------+--------+------------+
|     1 | alam freed | finance |  30000 | 2023-02-20 |
|     2 | kathir     | finance |  40000 | 2023-07-30 |
+-------+------------+---------+--------+------------+
2 rows in set (0.00 sec)

mysql> select *from employee where dept ='deveplor';
+-------+----------+----------+--------+------------+
| empid | name     | dept     | salary | joindate   |
+-------+----------+----------+--------+------------+
|     3 | praveena | deveplor |  80000 | 2023-09-23 |
|     4 | prakash  | deveplor | 120000 | 2023-03-14 |
+-------+----------+----------+--------+------------+
2 rows in set (0.00 sec)


mysql> select* from employee;
+-------+------------+----------+--------+------------+
| empid | name       | dept     | salary | joindate   |
+-------+------------+----------+--------+------------+
|     1 | alam freed | finance  |  30000 | 2023-02-20 |
|     2 | kathir     | finance  |  40000 | 2023-07-30 |
|     3 | praveena   | deveplor |  80000 | 2023-09-23 |
|     4 | prakash    | deveplor | 120000 | 2023-03-14 |
+-------+------------+----------+--------+------------+
4 rows in set (0.00 sec)



mysql>  update employee
    -> set salary=140000
    -> where empid=3;
Query OK, 1 row affected (0.04 sec)
Rows matched: 1  Changed: 1  Warnings: 0

mysql> select*from employee;
+-------+------------+----------+--------+------------+
| empid | name       | dept     | salary | joindate   |
+-------+------------+----------+--------+------------+
|     1 | alam freed | finance  |  30000 | 2023-02-20 |
|     2 | kathir     | finance  |  40000 | 2023-07-30 |
|     3 | praveena   | deveplor | 140000 | 2023-09-23 |
|     4 | prakash    | deveplor | 120000 | 2023-03-14 |
+-------+------------+----------+--------+------------+
6 rows in set (0.00 sec)

mysql> update employee set name ='renu' where empid=1;
Query OK, 1 row affected (0.04 sec)
Rows matched: 1  Changed: 1  Warnings: 0

mysql> select*from employee;
+-------+-----------+----------+--------+------------+
| empid | name      | dept     | salary | joindate   |
+-------+-----------+----------+--------+------------+
|     1 | renu      | finance  |  30000 | 2023-02-20 |
|     2 | kathir    | finance  |  40000 | 2023-07-30 |
|     3 | praveena  | deveplor | 140000 | 2023-09-23 |
|     4 | prakash   | deveplor | 120000 | 2023-03-14 |
+-------+-----------+----------+--------+------------+
6 rows in set (0.00 sec)

mysql> update employee set salary =salary+100000 where dept='finance';
Query OK, 2 rows affected (0.05 sec)
Rows matched: 2  Changed: 2  Warnings: 0

mysql> select*from employee;
+-------+-----------+----------+--------+------------+
| empid | name      | dept     | salary | joindate   |
+-------+-----------+----------+--------+------------+
|     1 | renu      | finance  | 130000 | 2023-02-20 |
|     2 | kathir    | finance  | 140000 | 2023-07-30 |
|     3 | praveena  | deveplor | 140000 | 2023-09-23 |
|     4 | prakash   | deveplor | 120000 | 2023-03-14 |
+-------+-----------+----------+--------+------------+
6 rows in set (0.00 sec)

mysql> update employee set salary =salary+100000;
Query OK, 6 rows affected (0.03 sec)
Rows matched: 6  Changed: 6  Warnings: 0

mysql> select*from employee;
+-------+-----------+----------+--------+------------+
| empid | name      | dept     | salary | joindate   |
+-------+-----------+----------+--------+------------+
|     1 | renu      | finance  | 230000 | 2023-02-20 |
|     2 | kathir    | finance  | 240000 | 2023-07-30 |
|     3 | praveena  | deveplor | 240000 | 2023-09-23 |
|     4 | prakash   | deveplor | 220000 | 2023-03-14 |
+-------+-----------+----------+--------+------------+
6 rows in set (0.00 sec)

mysql> rename  table employee  to emp;
Query OK, 0 rows affected (0.04 sec)

mysql> desc emp;
+----------+-------------+------+-----+---------+-------+
| Field    | Type        | Null | Key | Default | Extra |
+----------+-------------+------+-----+---------+-------+
| empid    | int         | NO   | PRI | NULL    |       |
| name     | varchar(50) | YES  |     | NULL    |       |
| dept     | varchar(50) | YES  |     | NULL    |       |
| salary   | int         | YES  |     | NULL    |       |
| joindate | date        | YES  |     | NULL    |       |
+----------+-------------+------+-----+---------+-------+
5 rows in set (0.00 sec)

mysql> select* from emp;
+-------+-----------+----------+--------+------------+
| empid | name      | dept     | salary | joindate   |
+-------+-----------+----------+--------+------------+
|     1 | renu      | finance  | 230000 | 2023-02-20 |
|     2 | kathir    | finance  | 240000 | 2023-07-30 |
|     3 | praveena  | deveplor | 240000 | 2023-09-23 |
|     4 | prakash   | deveplor | 220000 | 2023-03-14 |
+-------+-----------+----------+--------+------------+
6 rows in set (0.00 sec)

mysql> alter table emp;
Query OK, 0 rows affected (0.01 sec)

mysql> alter table emp
    -> rename column name to empname;
Query OK, 0 rows affected (0.04 sec)
Records: 0  Duplicates: 0  Warnings: 0

mysql> select *from emp;
+-------+---------+-----------+--------+------------+
| empid | empname | dept      | salary | joindate   |
+-------+---------+-----------+--------+------------+
|     1 | vimal   | finance   |  20000 | 2023-09-23 |
|     2 | henry   | marketing | 110000 | 2023-04-26 |
|     3 | priya   | marketing | 160000 | 2023-04-24 |
|     4 | vijay   | finance   |  30000 | 2023-05-23 |
+-------+---------+-----------+--------+------------+
6 rows in set (0.00 sec)

mysql> drop database student;
Query OK, 2 rows affected (0.08 sec)

mysql> show databases;
+--------------------+
| Database           |
+--------------------+
| employees          |
| information_schema |
| mysql              |
| performance_schema |
| sys                |
+--------------------+
5 rows in set (0.00 sec)

mysql> delete from emp where empid=6;
Query OK, 1 row affected (0.06 sec)

mysql> select * from emp;
+-------+---------+-----------+--------+------------+
| empid | empname | dept      | salary | joindate   |
+-------+---------+-----------+--------+------------+
|     1 | vimal   | finance   |  20000 | 2023-09-23 |
|     2 | henry   | marketing | 110000 | 2023-04-26 |
|     3 | priya   | marketing | 160000 | 2023-04-24 |
|     4 | vijay   | finance   |  30000 | 2023-05-23 |
|     5 | ram     | finance   |  80000 | 2023-08-24 |
+-------+---------+-----------+--------+------------+
5 rows in set (0.00 sec)

mysql> select *from emp order by salary desc;
+-------+---------+-----------+--------+------------+
| empid | empname | dept      | salary | joindate   |
+-------+---------+-----------+--------+------------+
|     3 | priya   | marketing | 160000 | 2023-04-24 |
|     2 | henry   | marketing | 110000 | 2023-04-26 |
|     5 | ram     | finance   |  80000 | 2023-08-24 |
|     4 | vijay   | finance   |  30000 | 2023-05-23 |
|     1 | vimal   | finance   |  20000 | 2023-09-23 |
+-------+---------+-----------+--------+------------+
5 rows in set (0.00 sec)

mysql> select *from emp order by empname desc;
+-------+---------+-----------+--------+------------+
| empid | empname | dept      | salary | joindate   |
+-------+---------+-----------+--------+------------+
|     1 | vimal   | finance   |  20000 | 2023-09-23 |
|     4 | vijay   | finance   |  30000 | 2023-05-23 |
|     5 | ram     | finance   |  80000 | 2023-08-24 |
|     3 | priya   | marketing | 160000 | 2023-04-24 |
|     2 | henry   | marketing | 110000 | 2023-04-26 |
+-------+---------+-----------+--------+------------+
5 rows in set (0.04 sec)

mysql> select * from emp where dept='marketing' and salary<200000;
+-------+---------+-----------+--------+------------+
| empid | empname | dept      | salary | joindate   |
+-------+---------+-----------+--------+------------+
|     2 | henry   | marketing | 110000 | 2023-04-26 |
|     3 | priya   | marketing | 160000 | 2023-04-24 |
+-------+---------+-----------+--------+------------+
2 rows in set (0.00 sec)

mysql> select* from emp order by salary asc;
+-------+---------+-----------+--------+------------+
| empid | empname | dept      | salary | joindate   |
+-------+---------+-----------+--------+------------+
|     1 | vimal   | finance   |  20000 | 2023-09-23 |
|     4 | vijay   | finance   |  30000 | 2023-05-23 |
|     5 | ram     | finance   |  80000 | 2023-08-24 |
|     2 | henry   | marketing | 110000 | 2023-04-26 |
|     3 | priya   | marketing | 160000 | 2023-04-24 |
+-------+---------+-----------+--------+------------+
5 rows in set (0.00 sec)

